Old_ids,oldIsmemoryloss,old_predict,New_ids,newIsmemoryloss,new_predict,New_ids_top50,newIsmemoryloss_top50
lb0jpk,TRUE,TRUE,ht22nh,TRUE,TRUE,vrxgk6,TRUE
io70fz,TRUE,TRUE,vrxgk6,TRUE,TRUE,hz2kfb,TRUE
vrxgk6,TRUE,TRUE,io70fz,TRUE,TRUE,5q2li7,FALSE
lskmfe,FALSE,TRUE,lb0jpk,TRUE,TRUE,io70fz,TRUE
kc18vq,TRUE,TRUE,kc18vq,TRUE,TRUE,h80j9y,TRUE
o1j3lh,FALSE,TRUE,o1j3lh,FALSE,TRUE,lb0jpk,TRUE
8r2kdc,FALSE,TRUE,ew9s02,TRUE,TRUE,qa9jux,TRUE
odorsi,FALSE,TRUE,ky6nnl,FALSE,TRUE,6ohvbz,TRUE
vte8ql,FALSE,TRUE,rhr2e8,FALSE,TRUE,s3vqo,TRUE
3prph4,FALSE,TRUE,e170gy,FALSE,TRUE,ij0ez8,TRUE
q7vg93,TRUE,TRUE,vte8ql,FALSE,TRUE,8ihlxu,FALSE
8ihlxu,FALSE,TRUE,odorsi,FALSE,TRUE,ijkey3,FALSE
p70eyt,TRUE,TRUE,a8kq1w,TRUE,TRUE,v65ziz,TRUE
fp3kwe,FALSE,TRUE,l10qa9,TRUE,TRUE,t3zlgm,FALSE
eo539k,TRUE,TRUE,qqkhwu,TRUE,TRUE,5cgsho,TRUE
jdlndz,FALSE,TRUE,uv2axd,FALSE,TRUE,buwe56,TRUE
5cgsho,TRUE,TRUE,ored62,TRUE,TRUE,jdlndz,FALSE
hahcz7,FALSE,TRUE,v278w0,FALSE,TRUE,cgbfsd,FALSE
u3aiaa,FALSE,TRUE,9o0rq5,FALSE,TRUE,82mpl4,TRUE
l10qa9,TRUE,TRUE,c7xddc,FALSE,TRUE,3prph4,FALSE
rhr2e8,FALSE,TRUE,nne9hm,FALSE,TRUE,lskmfe,FALSE
9o0rq5,FALSE,TRUE,cgbfsd,FALSE,TRUE,hahcz7,FALSE
e170gy,FALSE,TRUE,u3aiaa,FALSE,TRUE,40becj,TRUE
2kthc2,FALSE,TRUE,5cgsho,TRUE,TRUE,l10qa9,TRUE
2rgki6,FALSE,TRUE,r3g919,FALSE,TRUE,hvjl8g,FALSE
v65ziz,TRUE,TRUE,5y25pb,FALSE,TRUE,2rgki6,FALSE
4zkqfm,FALSE,TRUE,ij0ez8,TRUE,TRUE,27zjyu,FALSE
hjg1z2,FALSE,TRUE,sw2a2b,FALSE,TRUE,fp3kwe,FALSE
27zjyu,FALSE,TRUE,gunpel,FALSE,TRUE,e170gy,FALSE
cgbfsd,FALSE,TRUE,rohv89,FALSE,TRUE,adtm6y,FALSE
ij0ez8,TRUE,TRUE,v65ziz,TRUE,TRUE,kdcxcj,TRUE
5y25pb,FALSE,TRUE,fp3kwe,FALSE,TRUE,hjg1z2,FALSE
sw2a2b,FALSE,TRUE,bl2jry,TRUE,TRUE,u3aiaa,FALSE
8nbml8,FALSE,TRUE,d3dn4n,FALSE,TRUE,of8itl,FALSE
s3vqo,TRUE,TRUE,hjg0dl,FALSE,TRUE,sw2a2b,FALSE
sgkvbt,TRUE,TRUE,jdlndz,FALSE,TRUE,9o0rq5,FALSE
h80j9y,TRUE,TRUE,ijkey3,FALSE,TRUE,rhr2e8,FALSE
hvjl8g,FALSE,TRUE,27zjyu,FALSE,TRUE,2kthc2,FALSE
5q2li7,FALSE,TRUE,h80j9y,TRUE,TRUE,sgkvbt,TRUE
adtm6y,FALSE,TRUE,kdcxcj,TRUE,TRUE,vte8ql,FALSE
6ohvbz,TRUE,TRUE,5q2li7,FALSE,TRUE,8r2kdc,FALSE
buwe56,TRUE,TRUE,40becj,TRUE,TRUE,p70eyt,TRUE
kdcxcj,TRUE,TRUE,eo539k,TRUE,TRUE,q7vg93,TRUE
hz2kfb,TRUE,TRUE,hz2kfb,TRUE,TRUE,8nbml8,FALSE
82mpl4,TRUE,TRUE,s3vqo,TRUE,TRUE,odorsi,FALSE
of8itl,FALSE,TRUE,mvlgrd,TRUE,TRUE,5y25pb,FALSE
t3zlgm,FALSE,TRUE,dk2jc7,FALSE,TRUE,4zkqfm,FALSE
qa9jux,TRUE,TRUE,a19y2o,FALSE,TRUE,o1j3lh,FALSE
ijkey3,FALSE,TRUE,rgk9zg,FALSE,TRUE,eo539k,TRUE
40becj,TRUE,TRUE,buwe56,TRUE,TRUE,kc18vq,TRUE