,reddit_id,,,Notes:,"blue color: dailycare and memory loss,",,,,,,,,,,,,,,,,,,,,,,
12,kljlwu,12/27/20 23:55,https://www.reddit.com/r/Alzheimers/comments/kljlwu/looking_for_advice/,https://www.reddit.com/r/Alzheimers/comments/kljlwu/looking_for_advice/,"hello fellow redditors. i'm new here and just read through so many of your posts. you all seem so kind and supportive so i thought i would ask for your advice. my mom has early onset alzheimer's (she's 64) and it's progressing more each time i see her. i see her about twice a year. she still knows who everyone is but gets confused often, can't find her way through my house and needs help with things certain tasks like dressing and showering. not sure what stage that is but i can see things getting worse. my dad seems in denial (or maybe just doesn't want to talk about it) about the severity of the situation and what the future holds. being that he's not really prepared for the road ahead i was wondering what advice you could give me in planning for the future. is there something we/he should be doing now to make the road easier? she's been diagnosed and takes a couple different memory related medicines and is on an antidepressant.",/r/Alzheimers/comments/kljlwu/looking_for_advice/,Looking for advice,Alzheimers,t5_2r8fp,5,5,1,0,1,,,,,,,,,,,,,
34,k5fq5g,12/2/20 13:59,https://www.reddit.com/r/Alzheimers/comments/k5fq5g/nightmare_with_car_keys/,https://www.reddit.com/r/Alzheimers/comments/k5fq5g/nightmare_with_car_keys/,"how do you stop a loved one with alz from driving? she thinks she‚Äôs perfectly fine but too easily distracted on the road, losing her parked car, forgets where she‚Äôs going mid route and hitting all kinds of stuff as the norm. the funny part is, she thinks other ppl hit her carüò©. i tried to remind her the doc said she shouldn‚Äôt be driving at all. now she refuses to see the doc because she‚Äôs convinced the dr. will revoke her license. and she says, ‚Äúthe dr doesn‚Äôt know what she‚Äôs talking about.‚Äù i tried reaching out to the mva to report her but in covid era, no one answers the phone or responds to emails. i cringe every time she tells me she‚Äôs ‚Äúout and about.‚Äù i can‚Äôt take the car or keys because she‚Äôll call the police or have new ones made. she‚Äôs resourceful as hell with 20 hours a day to find a way and fixates until satisfied. sigh. any help/ or experience with this?!?",/r/Alzheimers/comments/k5fq5g/nightmare_with_car_keys/,Nightmare with car keys,Alzheimers,t5_2r8fp,15,15,1,0,1,,,,,,,,,,,,,
35,k4vas4,12/1/20 17:04,https://www.reddit.com/r/Alzheimers/comments/k4vas4/looking_for_patient_support_groups/,https://www.reddit.com/r/Alzheimers/comments/k4vas4/looking_for_patient_support_groups/,"my mom finally saw a doctor about memory concerns after a couple years of reluctance. tomorrow is the post-testing/post-mri consultation, where we may (or may not) get a diagnosis.i'm concerned that, because a combination of not remembering/not recognizing her symptoms and denial, my mom would take a diagnosis really hard. she's been a little paranoid about family noticing potential symptoms for a while, so she might not have anyone she'll feel comfortable talking to.are there any support groups of alzheimer's patients that she'd be able to join? i found a couple message boards, but i think meetings where she can talk to people (via video chat or in-person) would be better for her.",/r/Alzheimers/comments/k4vas4/looking_for_patient_support_groups/,Looking for patient support groups,Alzheimers,t5_2r8fp,4,4,1,0,1,,,,,,,,,,,,,
37,jzek04,11/23/20 4:26,https://www.reddit.com/r/Alzheimers/comments/jzek04/father_obsessed_with_getting_on_the_train/,https://www.reddit.com/r/Alzheimers/comments/jzek04/father_obsessed_with_getting_on_the_train/,"for the past few months, my father has been obsessing about getting on the nearby commuter train and traveling into a major city - i think his original reasoning was that he wants to visit his childhood home, but he can no longer articulate that point. i think he feels like he is somewhere other than where he should be, even though he‚Äôs in the house he‚Äôs lived in for 35 years. my parents live only a few minutes from the station by foot, and he‚Äôs made a break for it once already. luckily my mom and his part time aide were able to stop him from actually getting on a train. my mom will call me when he starts asking her when they‚Äôll be going down to the train, to get me to try and redirect him, but that doesn‚Äôt seem effective anymore. i‚Äôm not sure he knows who he‚Äôs speaking to when she puts me on the phone anyhow. i try to focus on the fact that it‚Äôs not safe to go outside because of the pandemic, but it‚Äôs really not sinking in. right now, this is just a stall tactic while she waits for his antipsychotic medication to kick in. i still have a lot of trouble with the idea that logic doesn‚Äôt matter with him, so my redirection tactics could probably use some work. has anyone experienced something similar? i know that wandering being a common issue, but this is a more dangerous variant. he‚Äôs lucid enough to know where the train is and, to some extent, where he wants to go, but it‚Äôs scary to think about what would actually happen if he made it on the train.",/r/Alzheimers/comments/jzek04/father_obsessed_with_getting_on_the_train/,Father Obsessed with Getting on the Train,Alzheimers,t5_2r8fp,6,5,1,0,1,,,,,,,,,,,,,
55,i7pcpi,8/11/20 6:28,https://www.reddit.com/r/Alzheimers/comments/i7pcpi/advice_needed_please_in_uk/,https://www.reddit.com/r/Alzheimers/comments/i7pcpi/advice_needed_please_in_uk/,"my mum, 75, diagnosed 2 years ago with alzheimers &amp; vascular dementia, mild to moderate. she lives alone and manages her day daily washing clothing and feeding herself etc. she knows to pay bills although need prompting towards amounts. she is forgetful and bad with names etc. recently she sees a man and woman in a window and she thinks they r warning her that covid19 is near, a carer found her walking in hoisexalone with a mask on pointing towards the man and woman in window. i rang her and she seemed happy enough, i think it me reminding her to wear mask in shop that caused her alarm. as her condition has deteriorated do i need to let her doctor know , would they consider changing her meds etc. or will a doctor just say keep them updated if she needs more help ? i'm her only child with no family near by so its up to me to do anything needed for her but i don't know what to do .",/r/Alzheimers/comments/i7pcpi/advice_needed_please_in_uk/,Advice needed please ( in UK),Alzheimers,t5_2r8fp,5,5,1,0,1,,,,,,,,,,,,,
56,i6utrv,8/9/20 20:43,https://www.reddit.com/r/Alzheimers/comments/i6utrv/mom_with_potential_alzheimers_advice_needed/,https://www.reddit.com/r/Alzheimers/comments/i6utrv/mom_with_potential_alzheimers_advice_needed/,"hello, this is a throwaway account since my mom knows my original one. to get straight to the point my grandmother has alzheimers. she is around 75 and showing medium to high signs of dementia. my mom (50) has been forgetting some small stuff for the past 2 years which i used to brush it off, but today she forgot i had a tattoo on my arm which was the first tattoo i got 5 years ago. she must have seen it countless times. i don't want to alarm her and she has refused to go to the doctor in the past because of monetary reasons. ( which might be an excuse because im pretty sure she is covered ) is there any quiz or some type of test i can do at home so i can convince her? i am 22 and scared shitless because i have seen my grandma. last question is knowing really better than not knowing?my grandmother has been treated for the past decade and she hasn't improved.sorry if this isn't the right place or the right people to ask but when in doubt ask the internet has been my go to.",/r/Alzheimers/comments/i6utrv/mom_with_potential_alzheimers_advice_needed/,Mom with potential Alzheimers advice needed,Alzheimers,t5_2r8fp,12,12,1,0,1,,,,,,,,,,,,,
138,c8pn48,7/3/19 11:44,https://www.reddit.com/r/Alzheimers/comments/c8pn48/dealing_with_a_surgical_drain/,https://www.reddit.com/r/Alzheimers/comments/c8pn48/dealing_with_a_surgical_drain/,"tl;dr: how do you deal with a surgical drain on an alzheimer‚Äôs patient so she won't rip/remove/etc it? i have been a caretaker for grandmother (87) together with my dad for the past few years. we both live with her and have a good nanny to take care of her at mornings when we both work, while sharing the load at the evenings/weekends to allow us both to escape for a bit. in short, my grandmother always has at least 1 person with her.she herself has quite a progressive alzheimer‚Äôs, however, it is mainly affecting her short term memory (she can understand and talk just fine, only she can't remember anything that happened in the past few years more or less for more then 3 seconds).3 years ago, she was diagnosed with cancer which is now requiring the installation of a permanent surgical drain in her stomach.has anyone has to deal with this or something similar? how do you stop accidents from happening considering she cannot remember it's there?",/r/Alzheimers/comments/c8pn48/dealing_with_a_surgical_drain/,Dealing with a surgical drain,Alzheimers,t5_2r8fp,14,14,1,0,1,,,,,,,,,,,,,
141,c48q0f,6/23/19 14:05,https://www.reddit.com/r/Alzheimers/comments/c48q0f/a_question_about_my_elderly_neighbour/,https://www.reddit.com/r/Alzheimers/comments/c48q0f/a_question_about_my_elderly_neighbour/,"sorry if this is the wrong place to post something like this, i just have no experience with alzheimer‚Äôs and caring for those with it.basically, my neighbour is an elderly woman with alzheimer‚Äôs who lives alone. before today, i had met her a couple of times but it‚Äôs clear she doesn‚Äôt remember me from any of the previous times.today, she fell over in her garden and fortunately i was able to see her out of my window and go and help her up. luckily she wasn‚Äôt injured, but i ended up staying and sitting with her for almost 2 hours. eventually, one of her relatives came over after hearing from another neighbour about her fall. it was clear that this relative and seemingly the others on the phone really don‚Äôt care very much for this lady at all and seemed very frustrated and angry when talking to her.my neighbour told me i‚Äôm more than welcome at any time to come over and visit her, which i‚Äôd be more than happy to do.... but i move out in 2 weeks.i‚Äôm just trying to figure out if me coming and visiting and getting to know her over the next few days and then suddenly leaving in 2 weeks will do more damage than good? obviously i want to help out as much as i can as it appears her family are doing the bare minimum but i am worried that me dropping in and out will confuse her. i can‚Äôt imagine she‚Äôll remember me next time i see her, and even less so believe she‚Äôll be able to understand enough that i‚Äôd be a visitor only for the next 2 weeks before moving far away from the area. does anyone have any insight on what‚Äôs best for her in this situation?",/r/Alzheimers/comments/c48q0f/a_question_about_my_elderly_neighbour/,A question about my elderly neighbour...,Alzheimers,t5_2r8fp,6,5,1,0,1,,,,,,,,,,,,,
150,bvnw6k,6/1/19 14:28,https://www.reddit.com/r/Alzheimers/comments/bvnw6k/is_my_dad_experiencing_early_stages_of_alzheimers/,https://www.reddit.com/r/Alzheimers/comments/bvnw6k/is_my_dad_experiencing_early_stages_of_alzheimers/,"i have been away at university for 3 months since the last time i‚Äôve seen my dad. he was still his self, remembered things, looked fairly healthy and you can tell he still knew what was going on. my mom has been letting me know throughout my 3 month absence that my dad is changing. starting to forget things, asking her the same question multiple times, and he also hasn‚Äôt been to work in about 5 weeks. he just asked me 3 times who picked me up from the airport last night when he was there picking me up with my mom. he also looks a lot skinnier than the last time i‚Äôve seen him. my mom says he doesn‚Äôt eat. my mom has been taking him to the doctors and they said that he is dealing with anxiety and stress reactions. is this alzheimers, or has anyone dealt with anything like this?",/r/Alzheimers/comments/bvnw6k/is_my_dad_experiencing_early_stages_of_alzheimers/,Is my dad experiencing early stages of Alzheimer‚Äôs?,Alzheimers,t5_2r8fp,2,2,1,0,1,,,,,,,,,,,,,
223,82s0co,3/7/18 16:29,https://www.reddit.com/r/Alzheimers/comments/82s0co/how_do_you_know/,https://www.reddit.com/r/Alzheimers/comments/82s0co/how_do_you_know/,"how do you know when it‚Äôs time to stop the meds for this disease? dad has been getting worse and worse over the last three months. his mind has been an absolute mess for 4 years now. the meds helped for a while, but now he‚Äôs beginning to have more accidents and the agitation and aggression is taking over his mind and actions. i‚Äôm his poa and primary care giver. dad is just tired of fighting and i think maybe it‚Äôs time to let the disease run its course. have any of you kind people dealt with this? if so, what would my best course of action be in this situation? any thoughts on this subject would help greatly...",/r/Alzheimers/comments/82s0co/how_do_you_know/,How do you know?,Alzheimers,t5_2r8fp,4,4,1,0,1,,,,,,,,,,,,,
231,7cl3fb,11/13/17 0:43,https://www.reddit.com/r/Alzheimers/comments/7cl3fb/memory_joggers_for_meds/,https://www.reddit.com/r/Alzheimers/comments/7cl3fb/memory_joggers_for_meds/,"i‚Äôm open to suggestions:mom is 80, recently diagnosed with early stage alzheimer‚Äôs (short term memory loss is only symptom so far); dad is 98 and pretty sharp for 98. mom was prescribed aricept but has memory issues so can‚Äôt remember to take her meds. dad is pretty much in his daily routine, which doesn‚Äôt include remembering to remind mom about meds.i live an hour and a half away and can‚Äôt get over there as regularly as i would like.when mom doesn‚Äôt remember to take her meds, doesn‚Äôt remember why she has them, how to provide memory aids?my best guess so far is to print a big sign saying:mom, you need to take your meds twice a day to help your memory. signed: mei agree i need to take my meds twice a day to help my memory. signed: momthen take a picture of us both, holding that sign. print that real big and hang it on the wall.thoughts?thanks",/r/Alzheimers/comments/7cl3fb/memory_joggers_for_meds/,Memory joggers for meds?,Alzheimers,t5_2r8fp,3,3,1,0,1,,,,,,,,,,,,,
242,5s0z1j,2/4/17 9:51,https://www.reddit.com/r/Alzheimers/comments/5s0z1j/is_it_normal_for_dementia_patients_to_revert_back/,https://www.reddit.com/r/Alzheimers/comments/5s0z1j/is_it_normal_for_dementia_patients_to_revert_back/,context: i'm 20 and live with my grandparents while i attend university. my grandfather is now in his late stages of alzheimer's while we are waiting for the call to put him in a home. in the meantime i help my grandmother with him as best i can as she is under immense stress. my question is: is it normal for dementia patients to revert back to childhood? my grandfather thinks he's back in the village where he grew up and constantly asks where his parents are even though they've been dead for 30 years. if it is normal: how do we deal with it? would it be best to just agree with him?,/r/Alzheimers/comments/5s0z1j/is_it_normal_for_dementia_patients_to_revert_back/,Is it normal for dementia patients to revert back to childhood?,Alzheimers,t5_2r8fp,10,10,1,0,1,,,,,,,,,,,,,
248,5jm24p,12/21/16 15:04,https://www.reddit.com/r/Alzheimers/comments/5jm24p/electronic_programmable_pill_dispenser/,https://www.reddit.com/r/Alzheimers/comments/5jm24p/electronic_programmable_pill_dispenser/,"my grandmother was diagnosed earlier this year. one of the biggest problems which will only lead to quicker progression is her pills. she lives with her son and granddaughter and is otherwise independent but they will give her morning pills and then she will ask for them 30 minutes later. puncture packs aren't working the way that they should as she will accuse us of taking her pills. ultimately, i think a pill dispenser with an alarm will hopefully resolve this as she is paranoid and if family gives her pills she doesn't trust our word. part of this would be her doctor/pharmacist telling her that this is something they want for her to make sure no one else can take them.a dispenser with a programmable alarm and possibly a lock would be best. anyone have any experience with this?tl;dr need a programmable pill dispenser with an alarm and possible locking mechanism",/r/Alzheimers/comments/5jm24p/electronic_programmable_pill_dispenser/,Electronic Programmable Pill Dispenser Recommendations,Alzheimers,t5_2r8fp,4,3,1,0,1,,,,,,,,,,,,,
261,54z71c,9/28/16 19:00,https://www.reddit.com/r/Alzheimers/comments/54z71c/mums_getting_bad_im_main_carer_my_sister_pushing/,https://www.reddit.com/r/Alzheimers/comments/54z71c/mums_getting_bad_im_main_carer_my_sister_pushing/,"mums forgetting grandchildrens names, tried drugs, didnt like them. sister told her she was 25 when she's actually 42. mum said i cannot believe your that old, sisters eldest is 22. sister sees her for 5 hours on a weekend, i watch her everyday. asked my mum if she wanted to go, and she said no as she is afraid of people finding out locally. sister said she would go with her, but whats the point? just dont want to upset my mum. mum afraid in the past that sister will stop her seeing grandchildren, which she has done before diagnosis. what should i do?",/r/Alzheimers/comments/54z71c/mums_getting_bad_im_main_carer_my_sister_pushing/,"Mums getting bad, I'm main carer, my sister pushing for her to re-attend memory clinic",Alzheimers,t5_2r8fp,1,1,1,0,1,,,,,,,,,,,,,
266,4wdnnb,8/5/16 21:02,https://www.reddit.com/r/Alzheimers/comments/4wdnnb/my_grandma_takes_forever_to_eat_because_its_like/,https://www.reddit.com/r/Alzheimers/comments/4wdnnb/my_grandma_takes_forever_to_eat_because_its_like/,"my grandma takes forever to eat food. she has her food liquified and moves her mouth like she's going to eat it, but it doesn't get in her mouth because she doesn't really widen it. it's like she forgot how. how can i feed her easily?",/r/Alzheimers/comments/4wdnnb/my_grandma_takes_forever_to_eat_because_its_like/,My grandma takes forever to eat because it's like she forgot how to open her mouth or suck properly. Is there an easy way to feed her?,Alzheimers,t5_2r8fp,7,7,1,0,1,,,,,,,,,,,,,
267,4s7paw,7/10/16 18:18,https://www.reddit.com/r/Alzheimers/comments/4s7paw/question_on_how_to_go_about_it/,https://www.reddit.com/r/Alzheimers/comments/4s7paw/question_on_how_to_go_about_it/,"i assume you all are far more educated on this than i am, i'm just trying to figure out how i should go about doing something.so my grandfather just died of cancer last night, but his wife (they still lived together) has pretty bad alzheimer's. he died right next to her and it's been about 20 hours now, but she still doesn't know. each time my mom or my dad has tried to tell her, she laughs and doesn't get it. she either thinks it's a joke or she says ""he just needs sleep.""do we just let her live in an ignorance is bliss scenario, or do we keep trying to tell her that her husband is dead? and if we do tell her, how should we go about doing that? a direct approach didn't seem very effective.",/r/Alzheimers/comments/4s7paw/question_on_how_to_go_about_it/,Question on how to go about it,Alzheimers,t5_2r8fp,9,9,1,0,1,,,,,,,,,,,,,
338,vn98sd,6/29/22 2:45,https://www.reddit.com/r/dementia/comments/vn98sd/should_i_start_telling_my_mom_she_has_dementia/,https://www.reddit.com/r/dementia/comments/vn98sd/should_i_start_telling_my_mom_she_has_dementia/,"she is pretty far gone. she forgets things from 4 minutes ago. she does not know what month, day, or year it is. she does dangerous and weird things. you know what i am talking about.she gets nurse visits weekly. nurses know what's happening.thing is, because of things beyond my control, she has not yet gone to be formally diagnosed.she just thinks her legs hurt. otherwise she is healthy and has great memory.i tell her that her memory is extremely bad and she forgets things after minutes. she does not believe me.should i start using the words ""you have dementia, mom?""i know she will get extremely angry and not believe me.",/r/dementia/comments/vn98sd/should_i_start_telling_my_mom_she_has_dementia/,Should I start telling my mom she has dementia?,dementia,t5_2rfqf,0,16,1,0,1,,,,,,,,,,,,,
340,vlsncf,6/27/22 6:46,https://www.reddit.com/r/dementia/comments/vlsncf/insulin_for_dementia/,https://www.reddit.com/r/dementia/comments/vlsncf/insulin_for_dementia/,"my wife has poorly controlled type 2 along with worsening memory loss and now recurring uti. metformin, which she has been taking for 19 years, hasn't helped for a long time. going for a new consult at a memory clinic on the 18th. there is evidence, however tenuous, that insulin, especially intranasal, can reduce symptoms. any experiences to share regarding insulin and dementia? thanks.",/r/dementia/comments/vlsncf/insulin_for_dementia/,Insulin for dementia?,dementia,t5_2rfqf,0,6,1,0,1,,,,,,,,,,,,,
357,vdqtq8,6/16/22 13:08,https://www.reddit.com/r/dementia/comments/vdqtq8/looped_playback_of_responses_to_mother_with/,https://www.reddit.com/r/dementia/comments/vdqtq8/looped_playback_of_responses_to_mother_with/,"no one in my family has any experience with caring for others. except compassion and love.meanwhile, my sister suggested that we record someone's voice in constant loop saying things like, "" you are loved, you're home, you're safe"" to our mom who is in late stage dementia and hospice.my dad, who's also eldery, is doing great, but exhausted and worn out as things have gotten worst. is that even a thing? to playback a loop of audio like that?",/r/dementia/comments/vdqtq8/looped_playback_of_responses_to_mother_with/,looped playback of responses to mother with dementia,dementia,t5_2rfqf,0,7,1,0,1,,,,,,,,,,,,,
379,uuamyf,5/20/22 19:32,https://www.reddit.com/r/dementia/comments/uuamyf/every_show_is_a_rerun/,https://www.reddit.com/r/dementia/comments/uuamyf/every_show_is_a_rerun/,"mom is insisting that she‚Äôs already seen everything that i put on tv for her, even when that‚Äôs impossible because it‚Äôs just airing/brand new. it gets frustrating when i put something on for her so i can get a break, and she turns it off five minutes later because she‚Äôs ‚Äúseen it already‚Äù and then wants me to find something else for her. does anyone else experience this, what do you do?",/r/dementia/comments/uuamyf/every_show_is_a_rerun/,Every show is a re-run,dementia,t5_2rfqf,0,2,1,0,1,,,,,,,,,,,,,
434,tpoqy8,3/27/22 13:31,https://www.reddit.com/r/dementia/comments/tpoqy8/im_about_to_tear_my_hair_out_advice_needed/,https://www.reddit.com/r/dementia/comments/tpoqy8/im_about_to_tear_my_hair_out_advice_needed/,"my current job is taking care of an elderly couple in their home. both are 89. the wife has dementia (likely alzheimer's in my opinion, but not officially diagnosed as of yet) that has been steadily progressing in the year i've been with them. she's still pretty aware, but has moments of confusion, including a consistent belief that she is in the wrong place and wanting to go home. i have plenty of experience managing these symptoms, and if it's just me and her i'm easily able to placate or redirect her before she gets upset. the problem is her husband. he is very aware with only minor lapses in short term memory, and very headstrong, which leads to him constantly arguing with her. it's an incredibly draining cycle: wife mentions wanting to ""go home tonight,"" i overhear her and start trying to change the subject, husband interrupts me to insistently tell her that they are home, have lived here for decades, she can't drive to go anywhere anyway, etc., which greatly agitates and upsets her, and i am left to deal with the fallout as she goes to bed and cries. i enjoy caring for these two, but the worse her symptoms get the more this becomes a daily occurrence, and it's making me dread coming to work in the morning. i regularly have conversations with the husband explaining the right way to handle her, and he seems to understand at the time, but the next time she says something wrong he's right back to it. it's absolutely killing me. i know it can be hard to convince older people to change in their ways, but is there anything i can do to help this man react better to his wife's dementia?",/r/dementia/comments/tpoqy8/im_about_to_tear_my_hair_out_advice_needed/,I'm about to tear my hair out. Advice needed.,dementia,t5_2rfqf,0,6,1,0,1,,,,,,,,,,,,,
550,qxifc7,11/19/21 10:19,https://www.reddit.com/r/dementia/comments/qxifc7/is_there_anything_that_can_be_done_to_slow/,https://www.reddit.com/r/dementia/comments/qxifc7/is_there_anything_that_can_be_done_to_slow/,"hello i think my dear auntie has early onset. her personality is changed, she can't remember names or events, gets confused easily, responds to questions with totally unrelated answers. she lives alone 2 hrs away from me with a dog and cat. her only child lives across the country. don't think she's been diagnosed yet, just went to the doctor and she didn't mention anything about it. how long can she safely live by herself? she's still physically healthy and still drives around. also is there anything i can suggest to her (besides exercise, reading &amp; puzzles) that will help slow the progression? is there anything else i can do to help her other than call/visit periodically? she has some friends nearby but i don't know if they check on her everyday. i greatly appreciate any insights you can share!",/r/dementia/comments/qxifc7/is_there_anything_that_can_be_done_to_slow/,Is there anything that can be done to slow progression? How quickly does it usually progress?,dementia,t5_2rfqf,15,15,1,0,1,,,,,,,,,,,,,
575,qg75hw,10/26/21 10:05,https://www.reddit.com/r/dementia/comments/qg75hw/suggestions_for_presentkeepsake_to_announce_first/,https://www.reddit.com/r/dementia/comments/qg75hw/suggestions_for_presentkeepsake_to_announce_first/,"my grandma (84) has dementia. when i got married 2 years ago, she was invited and afterwards we gifted her a picture frame of me + husband in the wedding dress. it's something that still makes her excited nearly weekly. she doesn't always know who i am, but knows she's proud of that beautiful girl in the white dress. why the dress is white is sometimes always unsure, but at least it's something that brings her joy.we are now expecting and i would like to give her something to announce the pregnancy. i feel like as a family we often don't include her in things because we're scared to leave her confused. i can imagine an echo picture is confusing, she might not even understand what it is. reading is slightly difficult for her, but simple words work.any ideas on how to announce? or better to wait until there is an actual baby to show?obviously i hope it'll bring her as much joy as the wedding pictures do and i'd love to share this moment in my life with my grandma.",/r/dementia/comments/qg75hw/suggestions_for_presentkeepsake_to_announce_first/,Suggestions for present/keepsake to announce first great-grandchild? Should we even?,dementia,t5_2rfqf,2,2,1,0,1,,,,,,,,,,,,,
582,qca4rx,10/20/21 16:27,https://www.reddit.com/r/dementia/comments/qca4rx/my_grandma_calls_me_50_times_a_day_and_i_just/,https://www.reddit.com/r/dementia/comments/qca4rx/my_grandma_calls_me_50_times_a_day_and_i_just/,"hello,so my grandma is 83 - 4'11 and like 80lbs. a very mighty woman, extremely active.in the past few years her memory is slipping more and more. covid made it worse and i think part of it is she is lonely since her husband died 10 years ago and all her friends are dying. the entire family has jobs - we're all hard workers so we can't talk much.she is calling us non-stop about ""hey do you know if it's going to rain today?"" ""just wanted to let you know i'm going to go cook some food"" ""where is whole foods again? (even though she goes there everyweek)"" or just calls to chat about random stuff.so it's partly she's asking something and partly that she's bored i guess.the worst is if she calls my mom and my mom doesn't answer, she automatically thinks my mom is dead and calls all of us crying and flipping out.what do we do? she swears she'll never go into an assisted living place and my mom ""just can't do that to her"" so i really don't know what to do",/r/dementia/comments/qca4rx/my_grandma_calls_me_50_times_a_day_and_i_just/,My Grandma calls me 50+ times a day and I just can't do it anymore. What do I do?,dementia,t5_2rfqf,8,8,1,0,1,,,,,,,,,,,,,
603,pxrve2,9/29/21 5:35,https://www.reddit.com/r/dementia/comments/pxrve2/help_advice_needed/,https://www.reddit.com/r/dementia/comments/pxrve2/help_advice_needed/,"hello! my mom has dementia for a couple of years now and one month ago i had to put down our cat of 11 years. i didn‚Äôt deliver her the news yet because i was afraid of her reaction. i told her 2 months ago that our cat has cancer and it doesn‚Äôt have much time left and she cried everyday for 2 weeks straight (she is also a very sensitive person). after the euthanasia i told her that our cat is at the vet for treatment and every few days she asks me about it, but every time i just try to change the subject. does anyone have any advice please? should i tell her the truth? or how should i tackle this?ps: she also has ms and she is bedridden. both her physical and mental states are fragile and i would like to avoid adding on it. thank yo!",/r/dementia/comments/pxrve2/help_advice_needed/,Help - advice needed,dementia,t5_2rfqf,8,8,1,0,1,,,,,,,,,,,,,
633,pf1194,8/31/21 3:29,https://www.reddit.com/r/dementia/comments/pf1194/how_do_i_respond/,https://www.reddit.com/r/dementia/comments/pf1194/how_do_i_respond/,"i can't say for certain but i'm pretty sure my grandma has some form of dementia. she's 86 and doesn't have very good vision so she keeps seeing things, she says to be quiet because her mother is sleeping or that she can't go to her bed cuz her mom is there even though her mother has been dead for decades, she keeps mixing me up with my uncle and dad. she keeps seeing more kids and just all-around things that aren't real. whenever she does something like this i usually try to answer very vaguely like when she talks about her mother i just say she's not here and don't mention that she's dead. i only start arguing that she's getting something wrong when she does things like tries to go home at 12 pm when she is at the only home we have, or when she stays up at 1 am waiting for the burial of her parents. so i wanted to ask, should i keep being vague about things or should i disagree and try to explain that she's seeing things or getting them wrong?",/r/dementia/comments/pf1194/how_do_i_respond/,how do I respond?,dementia,t5_2rfqf,10,8,1,0,1,,,,,,,,,,,,,
680,ooso30,7/21/21 11:51,https://www.reddit.com/r/dementia/comments/ooso30/grandad_doesnt_recognize_me_anymore/,https://www.reddit.com/r/dementia/comments/ooso30/grandad_doesnt_recognize_me_anymore/,"my grandfather was diagnosed dementia about 8 months ago but we (the family) have suspected it for almost 2 years now. i live in a different country to my family, so most of my communication with them has been via video call since 2018. i‚Äôm now realizing and noticing that my grandad recognizes my brother, my mother, father &amp; cousins - but not me. i idolized him as a kid. im not gonna lie, being the first one he doesn‚Äôt recognize hurts. as i‚Äôve been so far away from it all - bar a visit every christmas &amp; summer - it‚Äôs been easier to pretend it isn‚Äôt really happening‚Ä¶i guess. to give you an idea of where he is: now he struggles with speech on certain days &amp; can‚Äôt really do anything without someone watching over him. this has been particularly bad over the last couple weeks according to my mother. does anyone have any advice on how to talk to someone you love who no longer recognizes you? it‚Äôs not like i can reminisce on fond memories with him anymore, right? thank you",/r/dementia/comments/ooso30/grandad_doesnt_recognize_me_anymore/,Grandad doesn‚Äôt recognize me anymore,dementia,t5_2rfqf,5,5,1,0,1,,,,,,,,,,,,,
775,mvtpp5,4/21/21 20:50,https://www.reddit.com/r/dementia/comments/mvtpp5/i_always_answer_like_its_the_first_time_she_asked/,https://www.reddit.com/r/dementia/comments/mvtpp5/i_always_answer_like_its_the_first_time_she_asked/,"for discussion: i just realized this tonight after visiting my mom at the hospital. she just had surgery so her normal level of confusion is exacerbated and her repetitive questions are more frequent. normally since her hospitalization she asks the same three questions (is her dog behaving, who is feeding her cat, and how's my son doing in school?) daily at a rate of twice an hour. recently it has increased to three times per half hour. each time, i pause to think about my answer and present it in a different way. is that right or wrong? if i were to answer in more consistent tone with the same vernacular would it help her retain the answer?",/r/dementia/comments/mvtpp5/i_always_answer_like_its_the_first_time_she_asked/,I always answer like it's the first time she asked.,dementia,t5_2rfqf,12,12,1,0,1,,,,,,,,,,,,,
784,mnjruc,4/9/21 11:32,https://www.reddit.com/r/dementia/comments/mnjruc/steps_to_prepare/,https://www.reddit.com/r/dementia/comments/mnjruc/steps_to_prepare/,"hi all,i was wondering if anyone in australia (or elsewhere for that matter!), has advice about the next steps for me with my mum before she becomes too unwell. she is 69yrs, and in the past few years now has started showing definite signs of cognitive impairment. he friends are now commenting to me about it. i imagine the steps would be - speak to lawyer to confirm will and enduring power of attorney are written down.- prepare advanced care directive - speak with doctor about if any reversible disease is contributing eg thyroid etcis there anything else anyone would recommend? many thanks, and i‚Äôm glad to be apart of a supportive group like this :)",/r/dementia/comments/mnjruc/steps_to_prepare/,Steps to prepare,dementia,t5_2rfqf,3,2,1,0,1,,,,,,,,,,,,,
789,mkod14,4/5/21 12:14,https://www.reddit.com/r/dementia/comments/mkod14/95yo_granny_still_trucking_but_changes_over_the/,https://www.reddit.com/r/dementia/comments/mkod14/95yo_granny_still_trucking_but_changes_over_the/,"my granny who is my hero, was a mother figure growing up, has been on hospice since august 2019 was formally diagnosed with vascular dementia within the past year. lives in a nursing home. she is usually angry, can act combative, paranoid, etc. was having a rough weekend, called me multiple times looking for me, (i'm usually able to reorient her with my voice), well, the younger me, she can't seem to comprehend i'm not a baby, especially when the lady two doors down starts screaming it seems to trigger her to search for me thinking i'm a toddler who is crying and needs saving. she's been refusing all her medication except her anxiety needs for almost a month. nurses said she slept most of yesterday, and today she isn't making sense at all. there's inappropriate emotional reaction to anything i try to talk about, was just telling her i planted some tomatoes and she started crying, lots of echolalia, started laughing when i told her yesterday was easter. just wondering if this is normal for dementia or could there have possibly been a stroke? not that the course of disease or timeline would change, i'm on her timeline and only want what's best for her but scientifically minded me is curious. honestly rather see her laughing than the combative and anger, seems better quality of life this way. although my heart hurts that her body just keeps going and her mind doesn't.",/r/dementia/comments/mkod14/95yo_granny_still_trucking_but_changes_over_the/,95yo granny still trucking but changes over the weekend,dementia,t5_2rfqf,0,0,1,0,1,,,,,,,,,,,,,
826,lfkdmn,2/8/21 15:02,https://www.reddit.com/r/dementia/comments/lfkdmn/mom_wdouble_hysterectomy_thinks_shes_pregnant/,https://www.reddit.com/r/dementia/comments/lfkdmn/mom_wdouble_hysterectomy_thinks_shes_pregnant/,"hello! i'm my mom's newly appointed legal guardian. she has early onset dementia and is living with some delusions of being pregnant and she's even starting to ask for an obgyn appointment and maternity clothes. i always say that i'll set up an appointment, but she's starting to catch on and is getting angry with me for ""dropping the ball."" i've tried explaining that she's not pregnant and for a few days she believes me and won't mention it, but then will bring it up again eventually. i'm not sure what to do. i really want to keep her dignity in tact, and i don't want her to be angry or feel stupid - but she just can't drop this topic. any advice?",/r/dementia/comments/lfkdmn/mom_wdouble_hysterectomy_thinks_shes_pregnant/,Mom w/double hysterectomy thinks she's pregnant with quadruplets and wants maternity clothes and OBGYN appointment.,dementia,t5_2rfqf,13,13,1,0,1,,,,,,,,,,,,,
833,l9lg69,1/31/21 15:40,https://www.reddit.com/r/dementia/comments/l9lg69/how_to_tell_mom_big_news/,https://www.reddit.com/r/dementia/comments/l9lg69/how_to_tell_mom_big_news/,"my moms stage...oh i don't know. her short term memory is gone and some of her long. can't be alone. can't sleep alone. convinced aliens ans ghosts are moving and stealing her stuff. she's kind of mean. it's a lot. well i'm pregnant. single - she hasn't met my boyfriend though she knows of him and i think remembers. how do i tell her this news? she's so depressed and anxious and worried already. i know she wants a child for me, i'm almost 40. but i also think this will make her feel like more of an inconvenience and more alone and depressed.",/r/dementia/comments/l9lg69/how_to_tell_mom_big_news/,How to tell mom big news,dementia,t5_2rfqf,6,3,1,0,1,,,,,,,,,,,,,
859,ktmdtz,1/9/21 2:22,https://www.reddit.com/r/dementia/comments/ktmdtz/mom_passed_recently_dad_has_dementia_what_is_he/,https://www.reddit.com/r/dementia/comments/ktmdtz/mom_passed_recently_dad_has_dementia_what_is_he/,"my parents has a wonderful marriage for 60 years. mom passed away recently and dad has mostly short term memory loss (mid and long range is mostly in tact). he will say ‚Äúwe lost mom didn‚Äôt we,‚Äù and perhaps asks few questions about her end of life care with hospice at home and will seem a bit dad but then carried on. he was super zen about death pre dementia and is handling her passing as i would have expected before he became ill. i am just concerned that he may have emotions that are confusing or upsetting he isn‚Äôt expressing although there has been no behavior changes. is there something i should be doing or saying or asking to help him?",/r/dementia/comments/ktmdtz/mom_passed_recently_dad_has_dementia_what_is_he/,"Mom passed recently, dad has dementia, what is he feeling?",dementia,t5_2rfqf,6,3,1,0,1,,,,,,,,,,,,,
861,kpxqa6,1/3/21 20:14,https://www.reddit.com/r/dementia/comments/kpxqa6/lead_poisoning/,https://www.reddit.com/r/dementia/comments/kpxqa6/lead_poisoning/,"my friend declined rapidly over the past 18 months and has severe short term memory loss along with other symptoms. he is 78.about 18 months ago, a renovation was done in his house. his house was built in 1967. in the usa, it means it had lead paint. i‚Äôm obviously running him to the lab asap to get a test for lead in his blood. has anyone considered or found this to be a cause of a loved one‚Äôs decline?",/r/dementia/comments/kpxqa6/lead_poisoning/,Lead poisoning?,dementia,t5_2rfqf,6,6,1,0,1,,,,,,,,,,,,,
953,ih8orq,8/26/20 18:11,https://www.reddit.com/r/dementia/comments/ih8orq/nonstop_anxiety/,https://www.reddit.com/r/dementia/comments/ih8orq/nonstop_anxiety/,"my mom has been recently diagnosed with alzheimer‚Äôs. she can do everything for herself but has poor short term memory. her biggest issue is anxiety, especially about medical things. she has someone with her from friday at 8am until monday at 8pm and on the other days from 8-5. still, nonstop (20-50 times a day) she calls my sister, even when others are there, saying she just come, she can‚Äôt breathe, etc. she‚Äôs physically healthy and has had every test. doctors say it‚Äôs anxiety. they‚Äôve tried different meds, and they help a bit (especially with her ocd/mania) but not enough. she refuses to leave home, and with covid, we don‚Äôt want to force her. i have been filling in one of the open nights, but i‚Äôm an out-if-state teacher, so that ends next week. she acts worse for my sister, who lives close and goes there most evenings for a bit. has anyone else had insane amounts of anxiety and phone calls? any advice?",/r/dementia/comments/ih8orq/nonstop_anxiety/,Nonstop anxiety,dementia,t5_2rfqf,4,4,1,0,1,,,,,,,,,,,,,
986,hiqeow,6/30/20 12:15,https://www.reddit.com/r/dementia/comments/hiqeow/memory_changes_in_later_dementia/,https://www.reddit.com/r/dementia/comments/hiqeow/memory_changes_in_later_dementia/,"f)so my (36f) grandmother's (84f) dementia has progressed aggressively in the last year, to the point that her short-term memory is pretty much gone and her long-term memory is also fading. in the last few months, especially, we've seen a lot of behavioral changes, such as sundowning, paranoia, and general nastiness toward her friends and nurses at her assisted living facility. i've known two other people with alzheimer's/dementia and was prepared to deal with these symptoms.but she's also demonstrating a symptom i haven't seen before- not memory *loss*, per se, but memory *shift,* regarding something pretty significant. her attitude about my grandfather has dramatically shifted in the last few months, from missing him terribly (he died in 2005) to outright resentment and sometimes hatred. she won't articulate exactly why she's changed her mind so quickly, although once she did say that she felt like he'd abandoned her when he died, which i get. and while she wouldn't tell me, she's apparently divulged some disturbing things about him to my mother that are completely out of character. this man waited on her hand and foot, and neither my mom nor i can ever remember seeing him angry, let alone violent. so, i'm wondering if she has somehow conflated something she saw on tv or read in the newspaper with her own memories and that's part of this shift? in the past, she's watched a lot of cop dramas like ncis and csi, and i suspect some of this has bled into her memories as a justification for her feelings. has anyone else seen this kind of thing happen? and if so, how did you deal with it?",/r/dementia/comments/hiqeow/memory_changes_in_later_dementia/,Memory Changes in later Dementia,dementia,t5_2rfqf,3,2,1,0,1,,,,,,,,,,,,,
1044,fehac9,3/6/20 12:56,https://www.reddit.com/r/dementia/comments/fehac9/sundowning_panic_vs_sleep_aids/,https://www.reddit.com/r/dementia/comments/fehac9/sundowning_panic_vs_sleep_aids/,"i am an only child caretaker-from-a-distance. my mother has 14-hrs-per-day in-home care. for the other 10-hrs per day, she is presumed to be sleeping.a couple of weeks ago, she's started to have very intense, **daily** episodes of ""sundowning"" paranoia. she had had such episodes before but they were rare. this time, though, they were worse. they came with two straight nights of panic attacks and--this had never been a problem before--wandering. we changed the lock on the door and that solved the wandering.i also--perhaps stupidly--ventured the idea that she should be given the same otc sleep-med as i take. for reference, it's 25mg/nightly of doxalymine succinate (""unisom""), an antihistamine. this got rid of the panic attacks but now she--who had long taken naps through the day seems to be sleeping constantly.this is my worry: am i inadvertently accelerating her slide further into dementia? webmd et al is not very helpful with this.does anyone else have an alternative proposal?",/r/dementia/comments/fehac9/sundowning_panic_vs_sleep_aids/,Sundowning (panic) vs Sleep Aids,dementia,t5_2rfqf,4,4,1,0,1,,,,,,,,,,,,,
1073,elw838,1/8/20 12:58,https://www.reddit.com/r/dementia/comments/elw838/early_onset_dementia/,https://www.reddit.com/r/dementia/comments/elw838/early_onset_dementia/,"hi all,this sadly has come to me only recently as my grandmother from my mother‘s side has entered a more extreme stage of dementia/alzheimer‚Äôs after suffering an injury from slipping in the bathroom. a week ago, she was able to remember who her children were, including my mom. we called her last night and she couldn‚Äôt tell who my sister or mom were despite living with us for a number of a years before returning to her home land. it‚Äôs painful to see how devastated my sister is about it, and even more excruciating to see how my mom is still smiling at me after hearing that her own mother doesn‚Äôt remember who she is. i can‚Äôt imagine the burden she is carrying and all i could do was sit there dumbfounded and smiling back at her. after our call ended, she told us that one day she may end up like that too. i‚Äôve noticed that sometimes she may ask me a question that she just asked half an hour to an hour ago, like if i showered or not. is that attributable to early onset dementia? if so, my question here today is‚Äîwhat are good ways to preventing/slowing/reducing the effect of early onset dementia? tl:dr - ways to slow early onset dementia?? good articles to read about it?? i‚Äôm very inexperienced with this topic and i should be prepared for it seeing that it runs in one side of the family.thank you so much and have a great day!",/r/dementia/comments/elw838/early_onset_dementia/,Early onset dementia?,dementia,t5_2rfqf,2,2,1,0,1,,,,,,,,,,,,,
1111,dqn6wv,11/2/19 13:16,https://www.reddit.com/r/dementia/comments/dqn6wv/how_to_deal_with_mil_mistaking_son_for_husband/,https://www.reddit.com/r/dementia/comments/dqn6wv/how_to_deal_with_mil_mistaking_son_for_husband/,"hi all, my mil is in the later stages of dementia and when she recognizes my husband, she usually believes he is his dad. she will then try to get amorous with him and it freaks him out. she has been abusive to me thought out my 20 year relationship with dh so it is hard for me to be around her and we have no family help. so, it's usually dh alone taking her to doctors appointments. how can he deal with this? we mostly lean into her delusions but this one is very uncomfortable yet also common so i'd appreciate any suggestions on how he can handle this. thank you!",/r/dementia/comments/dqn6wv/how_to_deal_with_mil_mistaking_son_for_husband/,How to deal with MIL mistaking son for husband?,dementia,t5_2rfqf,10,10,1,0,1,,,,,,,,,,,,,
1120,d969it,9/25/19 13:08,https://www.reddit.com/r/dementia/comments/d969it/safety_issues/,https://www.reddit.com/r/dementia/comments/d969it/safety_issues/,"hello. new here and still trying to figure out what i need to do. my 65 yo wife was diagnosed with ftdementia two years ago. originally thought to be alzheimers and had various scans including the expensive new pet scan that definitively ruled out alzheimers. she also has diabetes and thyroid issues and takes a statin for high cholesterol.while she she presents somewhat normally if you don't spend a lot of time with her it is becoming more apparent her short term memory is almost gone. repeating things and asking questions constantly, playing solitaire on an ipad all day it allowed. she used to cook but can't really do that any longer as ingredients get left out or the stove gets left on... pretty typical behavior.i use the usps service that alerts you to what mail is expected each day, have moved all bills to online payment so she can't interfere and have our home phone line forward to my cell. i had it ringing at home and my cell but disabled the ability to receive calls at home since the other day she answered a call from a scammer and gave out her medical information. fortunately the doctors office alerted me when the scammer called there trying to elicit information.when i asked my wife about the call she didn't remember what she told the scammer.on one hand i hate to block the phone completely (i also screen all her email) but i don't want what happened the other day to happen again. our utility has a device that can be installed on the electrical panel that allows you to monitor the electrical system and see what devices are being turn on and off. designed as a tool for monitoring expenses but i'm using it as a safety tool to make sure the stove/oven gets turned off if i'm not around.any suggestions or should i just let things be as they are with calls all coming to me? thank you.",/r/dementia/comments/d969it/safety_issues/,Safety issues,dementia,t5_2rfqf,5,5,1,0,1,,,,,,,,,,,,,
1130,cwalw6,8/27/19 17:08,https://www.reddit.com/r/dementia/comments/cwalw6/advise_for_father_in_law_who_likely_has_dementia/,https://www.reddit.com/r/dementia/comments/cwalw6/advise_for_father_in_law_who_likely_has_dementia/,"my father in law likely has dementia. hes been seeing things, forget who his son is and acting weird. hes refusing to get the testing he needs and we're trying to help him before it too late. since hes refusing the doctors wont do the testing. we need to get some sort of power of attorney or something but i dont know how since we'd have to prove hes unwell and we cant prove this without the testing tht hes refusing.does anyone have any advise? or if you can guide me to a subreddit or resource.i'm not sure what to do. fyi i'm from ontario canada.",/r/dementia/comments/cwalw6/advise_for_father_in_law_who_likely_has_dementia/,Advise for father in law who likely has dementia,dementia,t5_2rfqf,6,3,1,0,1,,,,,,,,,,,,,
1156,bqvekb,5/20/19 9:15,https://www.reddit.com/r/dementia/comments/bqvekb/short_term_memory_problems/,https://www.reddit.com/r/dementia/comments/bqvekb/short_term_memory_problems/,"i‚Äôm in the uk. my nan has short term memory problems, this has been diagnosed by the local gp doing a memory test.currently i am keeping a diary for her, managing her finances as in paying bills (everything is in the diary), reminding her of appointments every day (e.g ‚Äúon friday you have an appointment at 11.20‚Äù a few days before) so she knows.currently we (myself and my father) have had to sort out her bills and housing benefit. we are in the process of sorting out her rent increase and owings.then i remind her when her bills were paid, i look it up in the diary sometimes and sometimes i remember. (sometimes i get confused lol!)sometimes she wakes up and says ‚Äúis it morning or evening ‚Äú and she gets told the day, time and whether it‚Äôs night or morning.her mother lived until 102 and was slightly forgetful but nan managed her bills etc.she is on thyroxine.is this dementia or is this just natural old age?she seems very capable at the moment and makes endless amounts of tea and sandwiches. the grandkids demand food and she provides as best she can and also remembers how many treats the little ones has, but it‚Äôs the big stuff like the rent and bills that she gets into a pickle about.",/r/dementia/comments/bqvekb/short_term_memory_problems/,Short term memory problems...,dementia,t5_2rfqf,3,3,1,0,1,,,,,,,,,,,,,
1266,7tu5fd,1/29/18 13:01,https://www.reddit.com/r/dementia/comments/7tu5fd/memory_significantly_worse_after_starting/,https://www.reddit.com/r/dementia/comments/7tu5fd/memory_significantly_worse_after_starting/,"my grandmother has been on an antidepressant (zoloft) for about two months. prior to that she remembered most stuff and was only confused sometimes. today she forgot she lives in the home she's lived in for over fifty years. she forgot my mother and her boyfriend live with her. she didn't recognize her own dog. she forgot i have a baby while i was holding my baby right in front of her. she seemed to think she belonged to someone else, but once she realizes she's made a mistake, she quickly backtracks and downplays it. her neurologist told my mother that we hit the panic button too early when she brought her in to his office last week but despite his assurances we feel like her mind is deteriorating severely and quickly. has anyone else had a similar experience or advice for coping with and caring for her?",/r/dementia/comments/7tu5fd/memory_significantly_worse_after_starting/,Memory significantly worse after starting antidepressant?,dementia,t5_2rfqf,9,9,1,0,1,,,,,,,,,,,,,
1316,5z4k56,3/13/17 7:55,https://www.reddit.com/r/dementia/comments/5z4k56/need_advice/,https://www.reddit.com/r/dementia/comments/5z4k56/need_advice/,"hi everyone.first of all, excuse my english, i'm from belgium so english is not my native language.my grandmother is in the early stages of dementia and i don't really know what to do anymore. for a while now everyone in my family has noticed my grandmother forgetting small things. the address my girlfriend works at (she still knows the company though), the name of our cat,... small things like that.when things became worse we decided it was time to have her tested. at the hospital where she did some tests it became clear she couldn't interpret time anymore. when asked what year it was she said 2013 while it was 2016 at the time.the doctor suspected alzheimer's although further testing needed to be done so we booked her an appointment for the tests a few weeks later.when the appointment approached the hospital for some stupid reason decided to call my grandmother, asking if she still wanted to go through with her appointment. so of course she says no, because she forgot what it was about and she believes the doctors are trying to pull a scam on her by having her do as many appointments as possible so they get paid alot.this of course put us quite a few steps back, as she absolutely does not want to visit the hospital to get diagnosed now.in the meantime my grandfather, who also happened to be diagnosed with kahler's disease at the meantime (cancer of the bloodcells), has to cope with my grandmother who is becoming increasingly aggressive and forgetful.every week they do groceries together and every week they bring home the same things they already have 9 of because she believes they ran out.when my grandfather points this out she becomes angry and doesn't believe him and even throws a fit right in the middle of the store.anyway, i'm drifting. i would like to know if there are any possibilities of getting my grandmother to the hospital to get a diagnose, i already know what dementia eventually does to people but i would like for my grandfather to have it easier. perhaps if she can take some meds that calm her down it would be a huge help.also if she has to be admitted to a nursing home it would be easier if she has a diagnose.it's just so hard because everytime the word doctor is pronounced she just immediately refuses any cooperation and we can't really tie her down and drag her to the hospital for tests.does anyone have some tricks?thanks for letting me vent and providing advice everyone. stay strong.",/r/dementia/comments/5z4k56/need_advice/,Need advice,dementia,t5_2rfqf,13,13,1,0,1,,,,,,,,,,,,,
1363,43n65e,2/1/16 1:01,https://www.reddit.com/r/dementia/comments/43n65e/advice_for_long_distance_telephone_conversations/,https://www.reddit.com/r/dementia/comments/43n65e/advice_for_long_distance_telephone_conversations/,"i would be grateful for any advice for managing long distance telephone conversations with a parent suffering with dementia.we live on the other side of the world from my father and his dementia and memory fade is worsening. he is well cared for and has good local support (plus family nearby). we have spoken every couple of weeks for years and, while he invariably forgets what we have updated him on or told him about previously, we have had fairly 'normal' conversations, often about events between the '40s and the '90s which he can recall clearly.things have worsened after a recent brief hospital stay for minor medical reasons - to the point where this week's call was the first where he didn't recognise me and referred to me/the family in the third person.i found ""ten real-life strategies for dementia caregiving"" at caregiver.org but was wondering if others have developed good strategies to have long distance relationships/calls with loved ones with dementia?",/r/dementia/comments/43n65e/advice_for_long_distance_telephone_conversations/,Advice for long distance telephone conversations,dementia,t5_2rfqf,2,2,1,0,1,,,,,,,,,,,,,
1375,3nntsf,10/5/15 23:20,https://www.reddit.com/r/dementia/comments/3nntsf/mom_with_dementia_has_been_using_the_bathtub_as_a/,https://www.reddit.com/r/dementia/comments/3nntsf/mom_with_dementia_has_been_using_the_bathtub_as_a/,"hi all,i've made posts here again and you've all been very helpful. thank you.a new issues has come up. my mother suffers from pretty severe dementia. she can't put together coherent sentences (we have to interpret her), she can't read except for occasional newspaper headlines, very compromised short and long term memory, has trouble with the simplest of tasks (she can't sweep fr example). i could go on for awhile.technically she has been diagnosed with ppa or primary progressive aphasia, but it manifests itself in symptoms very similiair to alzheimer's or dementia.recently, in the last week, she has been urinating and defecating in the bathtub. even when the toilet is open with the seat down. my father saw her in the act, but she essentially denied it while she was in the process of peeing in the tub. my dad and i have put towels or other objects in the tub to discourage her, this did not stop her. she peed in the bathroom this morning. we've tried to monitor her bathroom behavior and have notified her caregiver. but we can't watch her constantly.has this happened to you? do you have any ideas?thanks so much guys.",/r/dementia/comments/3nntsf/mom_with_dementia_has_been_using_the_bathtub_as_a/,mom with dementia has been using the bathtub as a toilet,dementia,t5_2rfqf,9,8,1,0,1,,,,,,,,,,,,,
1532,rkpkwf,12/20/21 10:19,https://www.reddit.com/r/CaregiverSupport/comments/rkpkwf/way_to_keep_my_sanity/,https://www.reddit.com/r/CaregiverSupport/comments/rkpkwf/way_to_keep_my_sanity/,"my mom has dementia and i care for her in her home. she likes to help with the dishes, but she doesn‚Äôt remember where she keeps anything and finds different places all the time. i used to get frustrated when cooking because i couldn‚Äôt find anything, but now i look to it as a cognitive game for myself. i note where she put a utensil, bowl, etc. and instead of moving it, i try to remember where i saw it. if nothing else, i‚Äôm more mindful and observant, which helps me to not get as sad as i watch her struggle. i don‚Äôt want her to ever feel like she‚Äôs a burden or see me upset, it‚Äôs unsettling for her. what helps you with your loved ones with dementia? she‚Äôs refusing labels, too proud for them and she says her dementia is her secret, so i keep it. i don‚Äôt think i‚Äôm breaking it here because i feel somewhat anonymous.",/r/CaregiverSupport/comments/rkpkwf/way_to_keep_my_sanity/,Way to keep my sanity,CaregiverSupport,t5_2wrwy,0,7,0,0,1,,,,,,,,,,,,,
1637,o01eqk,6/14/21 20:39,https://www.reddit.com/r/AgingParents/comments/o01eqk/should_i_try_for_guardianship_of_my_mother/,https://www.reddit.com/r/AgingParents/comments/o01eqk/should_i_try_for_guardianship_of_my_mother/,"hi all, i'd like to hear your thoughts: after noticing my mom's increasing confusion and memory lapses, i took over her finances in march as there were many unpaid bills. at the same time her weight was plummeting as she was forgetting to eat. in addition, she was having problems taking her meds because she didn't know what day it was. we just got the alzheimer's diagnosis last week.i've gotten everything stablizied, hired somebody to go in 5 days a week to feed her, help with chores, etc. i've been taking her into the doctor appointments, and making sure all her needs are met.my mother's complaints about being under ""house arrest"" have been very loud as she's getting her physical strength back (because i have somebody make her eat 2x a day). and i just found out that she's trying to contact her attorney, presumably to remove my durable power of attorney, because as she puts it, ""i'm just fine.""i'm a bit hurt as i've reduced work hours, and invested a considerable amount of time into getting her straightened out. she was barely reasonable before the alzheimers, and now there's no reasoning with her. what actions can/should i look into taking to keep her safe? quite honestly, her finances are in bad shape and i don't want her to go broke and become a ward of the state. (in the u.s., in nc)",/r/AgingParents/comments/o01eqk/should_i_try_for_guardianship_of_my_mother/,Should I try for guardianship of my mother.,AgingParents,t5_31k4q,10,8,0,0,1,,,,,,,,,,,,,
1691,f7n35d,2/21/20 22:49,https://www.reddit.com/r/CaregiverSupport/comments/f7n35d/cant_take_the_crying/,https://www.reddit.com/r/CaregiverSupport/comments/f7n35d/cant_take_the_crying/,"whining and crying with frustration and self pity just drives me insane! i can take the middle of night diaper changes, bathing and feeding, medication management and frequent doctors' appointments, cooking and cleaning and laundry, whatever whatever whatever... but please! don't fill my ears with whining and crying!mom is usually so easy to take care of. she is generally cheerful and cooperative and pleasant to be around. but, every now and again she will get a uti, get very weak and her dementia kicks in, then she gets so frustrated that she can't feed herself, toilet herself, get up from her chair without help, and the crying and self pity begin. i remind her ""mom, you have an infection, you are on antibiotics now, you should feel better in about 2 days. this has happened many times before."" that helps for a bit, but then the crying, and to top it off it drives me so nuts i lose my temper (tell her to ""stop it!"" in a firm voice and walk off) and i feel so guilty :(.i know this isn't that bad, i should forgive myself, we all have triggers. but i snap at mom for crying when she is frustrated and i feel like a little shit.any advice? i know we all have triggers... how do you keep from reacting?",/r/CaregiverSupport/comments/f7n35d/cant_take_the_crying/,Can't take the crying,CaregiverSupport,t5_2wrwy,4,4,0,0,1,,,,,,,,,,,,,
1702,chid6q,7/24/19 23:28,https://www.reddit.com/r/CaregiverSupport/comments/chid6q/need_help_with_my_dementia_patient/,https://www.reddit.com/r/CaregiverSupport/comments/chid6q/need_help_with_my_dementia_patient/,"hey everyone, i've been taking care of an elderly lady for 4 years now. i feed her, bathe her, etc. she's had multiple surgeries on her spine, mostly crippled, has both dementia and alzheimers, vision impairment, cognizance issues, you name it. recently she's gotten so bad to the point where i can barely feed her by hand. it's like she doesn't remember how to eat or swallow food or water. any advice?",/r/CaregiverSupport/comments/chid6q/need_help_with_my_dementia_patient/,Need help with my dementia patient,CaregiverSupport,t5_2wrwy,4,4,,,1,,,,,,,,,,,,,
1719,8a3b2x,4/5/18 16:38,https://www.reddit.com/r/CaregiverSupport/comments/8a3b2x/any_thoughts_panic_attacks_suddenly_change_to/,https://www.reddit.com/r/CaregiverSupport/comments/8a3b2x/any_thoughts_panic_attacks_suddenly_change_to/,"background, 15 months caregiving for 89 years of mother with vascular dementia, with anxiety disorder, she lives with me.  last 2 months i developed panic attacks, numb feet, hands, and lips with chest pains, just increasing exercise to treat, no medications.  mom was a legal sectary and i have been helping with her taxes.  which has been a nightmare.  i work full time and i am on two community boards. i don‚Äôt have time to be as detailed as she wants so we were in constant disagreement.so, for past 10 days it‚Äôs been especially high stress with her.  i finished up yesterday, made a mile stone on community event i am putting on, yet when i call her to let her know everything is done.  she has forgotten all about the last 10 days, doesn‚Äôt care about her taxes, and when i got home has return to nearly normal.  *i did sort of snap inside, really, know she doesn't remember*i slept great last night, now instead of chest pains, i have a super warm chest buzzy feeling, lips tingly and hands and feet super warm, very clear minded and calm.  anyone other caregivers experience this?i feel so suddenly relaxed today, i almost thinking i should stop to be check out.",/r/CaregiverSupport/comments/8a3b2x/any_thoughts_panic_attacks_suddenly_change_to/,Any thoughts? Panic attacks suddenly change to drunk feel,CaregiverSupport,t5_2wrwy,3,3,0,0,1,,,,,,,,,,,,,
